{"ENV_Online Simulation_TotalLoss": 10268.422851038978, "ENV_Online Simulation_TotalLoss_epoch0": 9560.969871795623, "ENV_Online Simulation_Right action": 0.7839023843276709, "ENV_Online Simulation_Right action_epoch0": 0.7740869688159976, "ENV_Online Simulation_Probability to choose the right action": 0.6688572819052377, "ENV_Online Simulation_Probability to choose the right action_epoch0": 0.6558321109564531, "ENV_Online Simulation_Weighted right action": 0.7563699434191153, "ENV_Online Simulation_Weighted right action_epoch0": 0.7453082573420265, "ENV_Online Simulation_Weighted probability to choose the right action:": 0.6688883453339951, "ENV_Online Simulation_Weighted probability to choose the right action:_epoch0": 0.6559355583147966, "_timestamp": 1718233702.1114223, "_runtime": 2411.3593583106995, "_step": 5, "ENV_Train_TotalLoss": 1088.6891567350524, "ENV_Train_TotalLoss_epoch0": 1131.3093103253912, "ENV_Train_Right action": 0.7653653149941991, "ENV_Train_Right action_epoch0": 0.7574758258342184, "ENV_Train_Probability to choose the right action": 0.6864483469107029, "ENV_Train_Probability to choose the right action_epoch0": 0.6713168461061519, "ENV_Train_Weighted right action": 0.7653653149941991, "ENV_Train_Weighted right action_epoch0": 0.7574758258342184, "ENV_Train_Weighted probability to choose the right action:": 0.6864483469107029, "ENV_Train_Weighted probability to choose the right action:_epoch0": 0.6713168461061519, "ENV_Test_TotalLoss": 233.60536669061645, "ENV_Test_TotalLoss_epoch0": 234.3945448566371, "ENV_Test_Right action": 0.773184, "ENV_Test_Right action_epoch0": 0.760448, "ENV_Test_Probability to choose the right action": 0.7131223417886353, "ENV_Test_Probability to choose the right action_epoch0": 0.7008237524978973, "ENV_Test_Weighted right action": 0.8235723358364722, "ENV_Test_Weighted right action_epoch0": 0.8208066435991238, "ENV_Test_Weighted probability to choose the right action:": 0.7579006551628923, "ENV_Test_Weighted probability to choose the right action:_epoch0": 0.7498130935858961, "ENV_Test_proba_accuracy": 0.7131223417886354, "ENV_Test_proba_accuracy_epoch0": 0.7008237524978969, "ENV_Test_proba_accuracy_strategy_132": 0.7576022758160854, "ENV_Test_proba_accuracy_strategy_132_epoch0": 0.7533734443575612, "ENV_Test_proba_accuracy_strategy_23": 0.7152581705567416, "ENV_Test_proba_accuracy_strategy_23_epoch0": 0.6972546317074171, "ENV_Test_proba_accuracy_strategy_107": 0.8067013233870165, "ENV_Test_proba_accuracy_strategy_107_epoch0": 0.795076903097694, "ENV_Test_proba_accuracy_strategy_43": 0.7234663507291724, "ENV_Test_proba_accuracy_strategy_43_epoch0": 0.7163780723726215, "ENV_Test_proba_accuracy_strategy_17": 0.6753530926486697, "ENV_Test_proba_accuracy_strategy_17_epoch0": 0.6652218733469734, "ENV_Test_proba_accuracy_strategy_93": 0.7145185899926777, "ENV_Test_proba_accuracy_strategy_93_epoch0": 0.7049093404636076, "ENV_Test_proba_accuracy_per_mean_strategy": 0.732149967188394, "ENV_Test_proba_accuracy_per_mean_strategy_epoch0": 0.722035710890979, "ENV_Test_proba_accuracy_per_mean_user": 0.7235840063380373, "ENV_Test_proba_accuracy_per_mean_user_epoch0": 0.7144789248872121, "ENV_Test_proba_accuracy_per_mean_user_and_bot": 0.7579006551628908, "ENV_Test_proba_accuracy_per_mean_user_and_bot_epoch0": 0.7498130935858958, "ENV_Test_accuracy": 0.773184, "ENV_Test_accuracy_epoch0": 0.760448, "ENV_Test_accuracy_strategy_132": 0.8090651558073655, "ENV_Test_accuracy_strategy_132_epoch0": 0.8124645892351274, "ENV_Test_accuracy_strategy_23": 0.7826789465180158, "ENV_Test_accuracy_strategy_23_epoch0": 0.7600581677169171, "ENV_Test_accuracy_strategy_107": 0.8719211822660099, "ENV_Test_accuracy_strategy_107_epoch0": 0.8702791461412152, "ENV_Test_accuracy_strategy_43": 0.787531806615776, "ENV_Test_accuracy_strategy_43_epoch0": 0.7849872773536896, "ENV_Test_accuracy_strategy_17": 0.727087114337568, "ENV_Test_accuracy_strategy_17_epoch0": 0.7157441016333939, "ENV_Test_accuracy_strategy_93": 0.7717190388170055, "ENV_Test_accuracy_strategy_93_epoch0": 0.7624768946395564, "ENV_Test_accuracy_per_mean_strategy": 0.7916672073936235, "ENV_Test_accuracy_per_mean_strategy_epoch0": 0.7843350294533166, "ENV_Test_accuracy_per_mean_user": 0.785611328748872, "ENV_Test_accuracy_per_mean_user_epoch0": 0.7776758837444143, "ENV_Test_accuracy_per_mean_user_and_bot": 0.8235723358364729, "ENV_Test_accuracy_per_mean_user_and_bot_epoch0": 0.8208066435991244, "ENV_Online Simulation_TotalLoss_epoch1": 10268.422851038978, "ENV_Online Simulation_Right action_epoch1": 0.7839023843276709, "ENV_Online Simulation_Probability to choose the right action_epoch1": 0.6688572819052377, "ENV_Online Simulation_Weighted right action_epoch1": 0.7563699434191153, "ENV_Online Simulation_Weighted probability to choose the right action:_epoch1": 0.6688883453339951, "ENV_Train_TotalLoss_epoch1": 1088.6891567350524, "ENV_Train_Right action_epoch1": 0.7653653149941991, "ENV_Train_Probability to choose the right action_epoch1": 0.6864483469107029, "ENV_Train_Weighted right action_epoch1": 0.7653653149941991, "ENV_Train_Weighted probability to choose the right action:_epoch1": 0.6864483469107029, "ENV_Test_TotalLoss_epoch1": 233.60536669061645, "ENV_Test_Right action_epoch1": 0.773184, "ENV_Test_Probability to choose the right action_epoch1": 0.7131223417886353, "ENV_Test_Weighted right action_epoch1": 0.8235723358364722, "ENV_Test_Weighted probability to choose the right action:_epoch1": 0.7579006551628923, "ENV_Test_proba_accuracy_epoch1": 0.7131223417886354, "ENV_Test_proba_accuracy_strategy_132_epoch1": 0.7576022758160854, "ENV_Test_proba_accuracy_strategy_23_epoch1": 0.7152581705567416, "ENV_Test_proba_accuracy_strategy_107_epoch1": 0.8067013233870165, "ENV_Test_proba_accuracy_strategy_43_epoch1": 0.7234663507291724, "ENV_Test_proba_accuracy_strategy_17_epoch1": 0.6753530926486697, "ENV_Test_proba_accuracy_strategy_93_epoch1": 0.7145185899926777, "ENV_Test_proba_accuracy_per_mean_strategy_epoch1": 0.732149967188394, "ENV_Test_proba_accuracy_per_mean_user_epoch1": 0.7235840063380373, "ENV_Test_proba_accuracy_per_mean_user_and_bot_epoch1": 0.7579006551628908, "ENV_Test_accuracy_epoch1": 0.773184, "ENV_Test_accuracy_strategy_132_epoch1": 0.8090651558073655, "ENV_Test_accuracy_strategy_23_epoch1": 0.7826789465180158, "ENV_Test_accuracy_strategy_107_epoch1": 0.8719211822660099, "ENV_Test_accuracy_strategy_43_epoch1": 0.787531806615776, "ENV_Test_accuracy_strategy_17_epoch1": 0.727087114337568, "ENV_Test_accuracy_strategy_93_epoch1": 0.7717190388170055, "ENV_Test_accuracy_per_mean_strategy_epoch1": 0.7916672073936235, "ENV_Test_accuracy_per_mean_user_epoch1": 0.785611328748872, "ENV_Test_accuracy_per_mean_user_and_bot_epoch1": 0.8235723358364729}