{"ENV_Online Simulation_TotalLoss": 6858.075726388315, "ENV_Online Simulation_TotalLoss_epoch0": 7996.117097574239, "ENV_Online Simulation_Right action": 0.7851552596348644, "ENV_Online Simulation_Right action_epoch0": 0.7650136477781417, "ENV_Online Simulation_Probability to choose the right action": 0.6675375598061385, "ENV_Online Simulation_Probability to choose the right action_epoch0": 0.6507814174456166, "ENV_Online Simulation_Weighted right action": 0.7550278438834538, "ENV_Online Simulation_Weighted right action_epoch0": 0.7402340903495576, "ENV_Online Simulation_Weighted probability to choose the right action:": 0.6675257481217597, "ENV_Online Simulation_Weighted probability to choose the right action:_epoch0": 0.6508798806395252, "_timestamp": 1718234018.4290748, "_runtime": 2727.6825456619263, "_step": 8, "ENV_Train_TotalLoss": 1078.5486300735997, "ENV_Train_TotalLoss_epoch0": 1118.5389438720736, "ENV_Train_Right action": 0.7707252980724879, "ENV_Train_Right action_epoch0": 0.7600782778864971, "ENV_Train_Probability to choose the right action": 0.6887037133507014, "ENV_Train_Probability to choose the right action_epoch0": 0.6764043228280191, "ENV_Train_Weighted right action": 0.7707252980724879, "ENV_Train_Weighted right action_epoch0": 0.7600782778864971, "ENV_Train_Weighted probability to choose the right action:": 0.6887037133507014, "ENV_Train_Weighted probability to choose the right action:_epoch0": 0.6764043228280191, "ENV_Test_TotalLoss": 231.1130161619624, "ENV_Test_TotalLoss_epoch0": 235.08526740339065, "ENV_Test_Right action": 0.77664, "ENV_Test_Right action_epoch0": 0.765888, "ENV_Test_Probability to choose the right action": 0.7155419501983521, "ENV_Test_Probability to choose the right action_epoch0": 0.7060452201849692, "ENV_Test_Weighted right action": 0.8262709077137035, "ENV_Test_Weighted right action_epoch0": 0.8184258573971335, "ENV_Test_Weighted probability to choose the right action:": 0.7605683318735654, "ENV_Test_Weighted probability to choose the right action:_epoch0": 0.7548487967150668, "ENV_Test_proba_accuracy": 0.715541950198352, "ENV_Test_proba_accuracy_epoch0": 0.7060452201849688, "ENV_Test_proba_accuracy_strategy_132": 0.7606950838841835, "ENV_Test_proba_accuracy_strategy_132_epoch0": 0.7587501356920948, "ENV_Test_proba_accuracy_strategy_23": 0.7164753073386224, "ENV_Test_proba_accuracy_strategy_23_epoch0": 0.7026868128889433, "ENV_Test_proba_accuracy_strategy_107": 0.8108966361504756, "ENV_Test_proba_accuracy_strategy_107_epoch0": 0.8069398261164663, "ENV_Test_proba_accuracy_strategy_43": 0.7286826709362786, "ENV_Test_proba_accuracy_strategy_43_epoch0": 0.7224811506308894, "ENV_Test_proba_accuracy_strategy_17": 0.6780217449971266, "ENV_Test_proba_accuracy_strategy_17_epoch0": 0.6694115890594, "ENV_Test_proba_accuracy_strategy_93": 0.7166408591498412, "ENV_Test_proba_accuracy_strategy_93_epoch0": 0.7078566390512021, "ENV_Test_proba_accuracy_per_mean_strategy": 0.7352353837427547, "ENV_Test_proba_accuracy_per_mean_strategy_epoch0": 0.728021025573166, "ENV_Test_proba_accuracy_per_mean_user": 0.7259539556580391, "ENV_Test_proba_accuracy_per_mean_user_epoch0": 0.7187824183636247, "ENV_Test_proba_accuracy_per_mean_user_and_bot": 0.7605683318735658, "ENV_Test_proba_accuracy_per_mean_user_and_bot_epoch0": 0.7548487967150661, "ENV_Test_accuracy": 0.77664, "ENV_Test_accuracy_epoch0": 0.765888, "ENV_Test_accuracy_strategy_132": 0.8073654390934845, "ENV_Test_accuracy_strategy_132_epoch0": 0.8096317280453258, "ENV_Test_accuracy_strategy_23": 0.7813863305865245, "ENV_Test_accuracy_strategy_23_epoch0": 0.7707222491517208, "ENV_Test_accuracy_strategy_107": 0.8735632183908046, "ENV_Test_accuracy_strategy_107_epoch0": 0.8686371100164204, "ENV_Test_accuracy_strategy_43": 0.7958015267175572, "ENV_Test_accuracy_strategy_43_epoch0": 0.7837150127226463, "ENV_Test_accuracy_strategy_17": 0.7368421052631579, "ENV_Test_accuracy_strategy_17_epoch0": 0.7227767695099818, "ENV_Test_accuracy_strategy_93": 0.7791127541589649, "ENV_Test_accuracy_strategy_93_epoch0": 0.7587800369685767, "ENV_Test_accuracy_per_mean_strategy": 0.7956785623684155, "ENV_Test_accuracy_per_mean_strategy_epoch0": 0.7857104844024453, "ENV_Test_accuracy_per_mean_user": 0.7896357784181611, "ENV_Test_accuracy_per_mean_user_epoch0": 0.7813643454797995, "ENV_Test_accuracy_per_mean_user_and_bot": 0.8262709077137037, "ENV_Test_accuracy_per_mean_user_and_bot_epoch0": 0.8184258573971349, "ENV_Online Simulation_TotalLoss_epoch1": 7324.36440230915, "ENV_Online Simulation_Right action_epoch1": 0.7837744788726158, "ENV_Online Simulation_Probability to choose the right action_epoch1": 0.6644647875303238, "ENV_Online Simulation_Weighted right action_epoch1": 0.7515193908020928, "ENV_Online Simulation_Weighted probability to choose the right action:_epoch1": 0.6645332660413247, "ENV_Train_TotalLoss_epoch1": 1085.1623020142154, "ENV_Train_Right action_epoch1": 0.7690039272686615, "ENV_Train_Probability to choose the right action_epoch1": 0.6868806593287815, "ENV_Train_Weighted right action_epoch1": 0.7690039272686615, "ENV_Train_Weighted probability to choose the right action:_epoch1": 0.6868806593287815, "ENV_Test_TotalLoss_epoch1": 230.29779701399482, "ENV_Test_Right action_epoch1": 0.772608, "ENV_Test_Probability to choose the right action_epoch1": 0.7097615660846782, "ENV_Test_Weighted right action_epoch1": 0.8279964962161861, "ENV_Test_Weighted probability to choose the right action:_epoch1": 0.759610586842695, "ENV_Test_proba_accuracy_epoch1": 0.7097615660846787, "ENV_Test_proba_accuracy_strategy_132_epoch1": 0.762475738231009, "ENV_Test_proba_accuracy_strategy_23_epoch1": 0.7074667928538004, "ENV_Test_proba_accuracy_strategy_107_epoch1": 0.8101243642972661, "ENV_Test_proba_accuracy_strategy_43_epoch1": 0.7243625899030778, "ENV_Test_proba_accuracy_strategy_17_epoch1": 0.6723795094203932, "ENV_Test_proba_accuracy_strategy_93_epoch1": 0.7114881741344139, "ENV_Test_proba_accuracy_per_mean_strategy_epoch1": 0.7313828614733268, "ENV_Test_proba_accuracy_per_mean_user_epoch1": 0.7218987900411739, "ENV_Test_proba_accuracy_per_mean_user_and_bot_epoch1": 0.759610586842695, "ENV_Test_accuracy_epoch1": 0.772608, "ENV_Test_accuracy_strategy_132_epoch1": 0.8164305949008499, "ENV_Test_accuracy_strategy_23_epoch1": 0.7760542898691226, "ENV_Test_accuracy_strategy_107_epoch1": 0.8752052545155994, "ENV_Test_accuracy_strategy_43_epoch1": 0.7938931297709924, "ENV_Test_accuracy_strategy_17_epoch1": 0.7282214156079855, "ENV_Test_accuracy_strategy_93_epoch1": 0.7735674676524954, "ENV_Test_accuracy_per_mean_strategy_epoch1": 0.7938953587195074, "ENV_Test_accuracy_per_mean_user_epoch1": 0.787669102688295, "ENV_Test_accuracy_per_mean_user_and_bot_epoch1": 0.8279964962161871, "ENV_Online Simulation_TotalLoss_epoch2": 6858.075726388315, "ENV_Online Simulation_Right action_epoch2": 0.7851552596348644, "ENV_Online Simulation_Probability to choose the right action_epoch2": 0.6675375598061385, "ENV_Online Simulation_Weighted right action_epoch2": 0.7550278438834538, "ENV_Online Simulation_Weighted probability to choose the right action:_epoch2": 0.6675257481217597, "ENV_Train_TotalLoss_epoch2": 1078.5486300735997, "ENV_Train_Right action_epoch2": 0.7707252980724879, "ENV_Train_Probability to choose the right action_epoch2": 0.6887037133507014, "ENV_Train_Weighted right action_epoch2": 0.7707252980724879, "ENV_Train_Weighted probability to choose the right action:_epoch2": 0.6887037133507014, "ENV_Test_TotalLoss_epoch2": 231.1130161619624, "ENV_Test_Right action_epoch2": 0.77664, "ENV_Test_Probability to choose the right action_epoch2": 0.7155419501983521, "ENV_Test_Weighted right action_epoch2": 0.8262709077137035, "ENV_Test_Weighted probability to choose the right action:_epoch2": 0.7605683318735654, "ENV_Test_proba_accuracy_epoch2": 0.715541950198352, "ENV_Test_proba_accuracy_strategy_132_epoch2": 0.7606950838841835, "ENV_Test_proba_accuracy_strategy_23_epoch2": 0.7164753073386224,