{"ENV_Online Simulation_TotalLoss": 7335.161795027784, "ENV_Online Simulation_TotalLoss_epoch0": 7302.421310756433, "ENV_Online Simulation_Right action": 0.7902313286314427, "ENV_Online Simulation_Right action_epoch0": 0.7684773044569846, "ENV_Online Simulation_Probability to choose the right action": 0.6773327917058373, "ENV_Online Simulation_Probability to choose the right action_epoch0": 0.6512098637267172, "ENV_Online Simulation_Weighted right action": 0.7633942178001388, "ENV_Online Simulation_Weighted right action_epoch0": 0.7410255346451327, "ENV_Online Simulation_Weighted probability to choose the right action:": 0.6773844291477266, "ENV_Online Simulation_Weighted probability to choose the right action:_epoch0": 0.6512860235964036, "_timestamp": 1718234921.0952363, "_runtime": 3630.0425844192505, "_step": 9, "ENV_Train_TotalLoss": 1067.2678826027632, "ENV_Train_TotalLoss_epoch0": 1114.5266018895231, "ENV_Train_Right action": 0.7736790606653621, "ENV_Train_Right action_epoch0": 0.760371819960861, "ENV_Train_Probability to choose the right action": 0.6926543516051622, "ENV_Train_Probability to choose the right action_epoch0": 0.6772701208588651, "ENV_Train_Weighted right action": 0.7736790606653621, "ENV_Train_Weighted right action_epoch0": 0.760371819960861, "ENV_Train_Weighted probability to choose the right action:": 0.6926543516051622, "ENV_Train_Weighted probability to choose the right action:_epoch0": 0.6772701208588651, "ENV_Test_TotalLoss": 230.4364023900251, "ENV_Test_TotalLoss_epoch0": 239.23430588650706, "ENV_Test_Right action": 0.777856, "ENV_Test_Right action_epoch0": 0.764224, "ENV_Test_Probability to choose the right action": 0.7047486496473292, "ENV_Test_Probability to choose the right action_epoch0": 0.7066871218204228, "ENV_Test_Weighted right action": 0.8282974062838421, "ENV_Test_Weighted right action_epoch0": 0.8204758540045287, "ENV_Test_Weighted probability to choose the right action:": 0.7454570905611876, "ENV_Test_Weighted probability to choose the right action:_epoch0": 0.7542225023749133, "ENV_Test_proba_accuracy": 0.704748649647329, "ENV_Test_proba_accuracy_epoch0": 0.7066871218204227, "ENV_Test_proba_accuracy_strategy_132": 0.7462807171830619, "ENV_Test_proba_accuracy_strategy_132_epoch0": 0.7580746285103728, "ENV_Test_proba_accuracy_strategy_23": 0.707128315154201, "ENV_Test_proba_accuracy_strategy_23_epoch0": 0.7053553543030262, "ENV_Test_proba_accuracy_strategy_107": 0.7976099394199035, "ENV_Test_proba_accuracy_strategy_107_epoch0": 0.8021029628982832, "ENV_Test_proba_accuracy_strategy_43": 0.7121545403590895, "ENV_Test_proba_accuracy_strategy_43_epoch0": 0.7206923931002317, "ENV_Test_proba_accuracy_strategy_17": 0.6690112776871703, "ENV_Test_proba_accuracy_strategy_17_epoch0": 0.6699533844416405, "ENV_Test_proba_accuracy_strategy_93": 0.7059537336652547, "ENV_Test_proba_accuracy_strategy_93_epoch0": 0.7060781944219021, "ENV_Test_proba_accuracy_per_mean_strategy": 0.7230230872447801, "ENV_Test_proba_accuracy_per_mean_strategy_epoch0": 0.7270428196125761, "ENV_Test_proba_accuracy_per_mean_user": 0.7139819690235136, "ENV_Test_proba_accuracy_per_mean_user_epoch0": 0.7191494002594346, "ENV_Test_proba_accuracy_per_mean_user_and_bot": 0.7454570905611878, "ENV_Test_proba_accuracy_per_mean_user_and_bot_epoch0": 0.7542225023749137, "ENV_Test_accuracy": 0.777856, "ENV_Test_accuracy_epoch0": 0.764224, "ENV_Test_accuracy_strategy_132": 0.8152974504249292, "ENV_Test_accuracy_strategy_132_epoch0": 0.8090651558073655, "ENV_Test_accuracy_strategy_23": 0.7830021005008887, "ENV_Test_accuracy_strategy_23_epoch0": 0.7702375181774115, "ENV_Test_accuracy_strategy_107": 0.8784893267651889, "ENV_Test_accuracy_strategy_107_epoch0": 0.8653530377668309, "ENV_Test_accuracy_strategy_43": 0.7958015267175572, "ENV_Test_accuracy_strategy_43_epoch0": 0.7843511450381679, "ENV_Test_accuracy_strategy_17": 0.7377495462794919, "ENV_Test_accuracy_strategy_17_epoch0": 0.7166515426497277, "ENV_Test_accuracy_strategy_93": 0.7680221811460258, "ENV_Test_accuracy_strategy_93_epoch0": 0.7643253234750462, "ENV_Test_accuracy_per_mean_strategy": 0.7963936886390136, "ENV_Test_accuracy_per_mean_strategy_epoch0": 0.784997287152425, "ENV_Test_accuracy_per_mean_user": 0.7916139244006389, "ENV_Test_accuracy_per_mean_user_epoch0": 0.7792088912716589, "ENV_Test_accuracy_per_mean_user_and_bot": 0.8282974062838427, "ENV_Test_accuracy_per_mean_user_and_bot_epoch0": 0.8204758540045288, "ENV_Online Simulation_TotalLoss_epoch1": 8278.597400549777, "ENV_Online Simulation_Right action_epoch1": 0.7774703103983985, "ENV_Online Simulation_Probability to choose the right action_epoch1": 0.6637676600874675, "ENV_Online Simulation_Weighted right action_epoch1": 0.7516241363222477, "ENV_Online Simulation_Weighted probability to choose the right action:_epoch1": 0.6637770606468845, "ENV_Train_TotalLoss_epoch1": 1089.5332245522675, "ENV_Train_Right action_epoch1": 0.7680001117802401, "ENV_Train_Probability to choose the right action_epoch1": 0.6855474892852066, "ENV_Train_Weighted right action_epoch1": 0.7680001117802401, "ENV_Train_Weighted probability to choose the right action:_epoch1": 0.6855474892852066, "ENV_Test_TotalLoss_epoch1": 231.30848545849923, "ENV_Test_Right action_epoch1": 0.776896, "ENV_Test_Probability to choose the right action_epoch1": 0.710423505391762, "ENV_Test_Weighted right action_epoch1": 0.8252203617340914, "ENV_Test_Weighted probability to choose the right action:_epoch1": 0.7570897276818559, "ENV_Test_proba_accuracy_epoch1": 0.7104235053917626, "ENV_Test_proba_accuracy_strategy_132_epoch1": 0.7602164588450246, "ENV_Test_proba_accuracy_strategy_23_epoch1": 0.7094113115448747, "ENV_Test_proba_accuracy_strategy_107_epoch1": 0.8060568830371291, "ENV_Test_proba_accuracy_strategy_43_epoch1": 0.7241625979615035, "ENV_Test_proba_accuracy_strategy_17_epoch1": 0.6730460768663631, "ENV_Test_proba_accuracy_strategy_93_epoch1": 0.7134743642713207, "ENV_Test_proba_accuracy_per_mean_strategy_epoch1": 0.7310612820877026, "ENV_Test_proba_accuracy_per_mean_user_epoch1": 0.7213361875522811, "ENV_Test_proba_accuracy_per_mean_user_and_bot_epoch1": 0.7570897276818566, "ENV_Test_accuracy_epoch1": 0.776896, "ENV_Test_accuracy_strategy_132_epoch1": 0.8169971671388102, "ENV_Test_accuracy_strategy_23_epoch1": 0.7826789465180158, "ENV_Test_accuracy_strategy_107_epoch1": 0.8604269293924466, "ENV_Test_accuracy_strategy_43_epoch1": 0.7862595419847328, "ENV_Test_accuracy_strategy_17_epoch1": 0.7388838475499092, "ENV_Test_accuracy_strategy_93_epoch1": 0.7726432532347505, "ENV_Test_accuracy_per_mean_strategy_epoch1": 0.7929816143031109, "ENV_Test_accuracy_per_mean_user_epoch1": 0.7900541809369642, "ENV_Test_accuracy_per_mean_user_and_bot_epoch1": 0.8252203617340919, "ENV_Online Simulation_TotalLoss_epoch2": 7370.704083900804, "ENV_Online Simulation_Right action_epoch2": 0.7891825980925837, "ENV_Online Simulation_Probability to choose the right action_epoch2": 0.6721924220480467, "ENV_Online Simulation_Weighted right action_epoch2": 0.7592998381592919, "ENV_Online Simulation_Weighted probability to choose the right action:_epoch2": 0.6722410474660755, "ENV_Train_TotalLoss_epoch2": 1067.2678826027632, "ENV_Train_Right action_epoch2": 0.7736790606653621, "ENV_Train_Probability to choose the right action_epoch2": 0.6926543516051622, "ENV_Train_Weighted right action_epoch2": 0.7736790606653621, "ENV_Train_Weighted probability to choose the right action:_epoch2": 0.6926543516051622, "ENV_Test_TotalLoss_epoch2": 230.4364023900251, "ENV_Test_Right action_epoch2": 0.777856, "ENV_Test_Probability to choose the right action_epoch2": 0.7047486496473292, "ENV_Test_Weighted right action_epoch2": 0.8282974062838421, "ENV_Test_Weighted probability to choose the right action:_epoch2": 0.7454570905611876, "ENV_Test_proba_accuracy_epoch2": 0.704748649647329, "ENV_Test_proba_accuracy_strategy_132_epoch2": 0.7462807171830619, "ENV_Test_proba_accuracy_strategy_23_epoch2": 0.707128315154201,