{"ENV_Online Simulation_TotalLoss": 9515.674387506833, "ENV_Online Simulation_TotalLoss_epoch0": 10223.892111114494, "ENV_Online Simulation_Right action": 0.7827782639282099, "ENV_Online Simulation_Right action_epoch0": 0.7683933245527751, "ENV_Online Simulation_Probability to choose the right action": 0.6731465656538875, "ENV_Online Simulation_Probability to choose the right action_epoch0": 0.6551899379218321, "ENV_Online Simulation_Weighted right action": 0.7592925832201114, "ENV_Online Simulation_Weighted right action_epoch0": 0.7440273583295688, "ENV_Online Simulation_Weighted probability to choose the right action:": 0.673120381200571, "ENV_Online Simulation_Weighted probability to choose the right action:_epoch0": 0.6552185830454506, "_timestamp": 1718234894.062103, "_runtime": 3603.334718942642, "_step": 8, "ENV_Train_TotalLoss": 1084.4694675873593, "ENV_Train_TotalLoss_epoch0": 1126.0176975332251, "ENV_Train_Right action": 0.7681588841213713, "ENV_Train_Right action_epoch0": 0.7575816865584034, "ENV_Train_Probability to choose the right action": 0.6865863899640351, "ENV_Train_Probability to choose the right action_epoch0": 0.6737012335951611, "ENV_Train_Weighted right action": 0.7681588841213713, "ENV_Train_Weighted right action_epoch0": 0.7575816865584034, "ENV_Train_Weighted probability to choose the right action:": 0.6865863899640351, "ENV_Train_Weighted probability to choose the right action:_epoch0": 0.6737012335951611, "ENV_Test_TotalLoss": 232.34043251192338, "ENV_Test_TotalLoss_epoch0": 236.43276659609802, "ENV_Test_Right action": 0.775232, "ENV_Test_Right action_epoch0": 0.765952, "ENV_Test_Probability to choose the right action": 0.7169735775068518, "ENV_Test_Probability to choose the right action_epoch0": 0.708111815174033, "ENV_Test_Weighted right action": 0.8260547347526388, "ENV_Test_Weighted right action_epoch0": 0.8208264833995713, "ENV_Test_Weighted probability to choose the right action:": 0.7615622540608505, "ENV_Test_Weighted probability to choose the right action:_epoch0": 0.76017327602935, "ENV_Test_proba_accuracy": 0.7169735775068518, "ENV_Test_proba_accuracy_epoch0": 0.7081118151740335, "ENV_Test_proba_accuracy_strategy_132": 0.763819820695263, "ENV_Test_proba_accuracy_strategy_132_epoch0": 0.7637055417963937, "ENV_Test_proba_accuracy_strategy_23": 0.7189023863997512, "ENV_Test_proba_accuracy_strategy_23_epoch0": 0.7029582172646422, "ENV_Test_proba_accuracy_strategy_107": 0.8102813675589797, "ENV_Test_proba_accuracy_strategy_107_epoch0": 0.8071681417528683, "ENV_Test_proba_accuracy_strategy_43": 0.7271651644814943, "ENV_Test_proba_accuracy_strategy_43_epoch0": 0.72621528702635, "ENV_Test_proba_accuracy_strategy_17": 0.6791108086428479, "ENV_Test_proba_accuracy_strategy_17_epoch0": 0.6716559911572895, "ENV_Test_proba_accuracy_strategy_93": 0.7164490385243613, "ENV_Test_proba_accuracy_strategy_93_epoch0": 0.7133668998322692, "ENV_Test_proba_accuracy_per_mean_strategy": 0.7359547643837829, "ENV_Test_proba_accuracy_per_mean_strategy_epoch0": 0.7308450131383021, "ENV_Test_proba_accuracy_per_mean_user": 0.7272036316509006, "ENV_Test_proba_accuracy_per_mean_user_epoch0": 0.7228132028761062, "ENV_Test_proba_accuracy_per_mean_user_and_bot": 0.7615622540608509, "ENV_Test_proba_accuracy_per_mean_user_and_bot_epoch0": 0.7601732760293489, "ENV_Test_accuracy": 0.775232, "ENV_Test_accuracy_epoch0": 0.765952, "ENV_Test_accuracy_strategy_132": 0.8186968838526912, "ENV_Test_accuracy_strategy_132_epoch0": 0.8147308781869689, "ENV_Test_accuracy_strategy_23": 0.7826789465180158, "ENV_Test_accuracy_strategy_23_epoch0": 0.7697527872031023, "ENV_Test_accuracy_strategy_107": 0.8768472906403941, "ENV_Test_accuracy_strategy_107_epoch0": 0.8637110016420362, "ENV_Test_accuracy_strategy_43": 0.7811704834605598, "ENV_Test_accuracy_strategy_43_epoch0": 0.7843511450381679, "ENV_Test_accuracy_strategy_17": 0.7307168784029038, "ENV_Test_accuracy_strategy_17_epoch0": 0.7198275862068966, "ENV_Test_accuracy_strategy_93": 0.777264325323475, "ENV_Test_accuracy_strategy_93_epoch0": 0.7707948243992606, "ENV_Test_accuracy_per_mean_strategy": 0.7945624680330067, "ENV_Test_accuracy_per_mean_strategy_epoch0": 0.7871947037794055, "ENV_Test_accuracy_per_mean_user": 0.7863983691516367, "ENV_Test_accuracy_per_mean_user_epoch0": 0.7828992149688777, "ENV_Test_accuracy_per_mean_user_and_bot": 0.8260547347526397, "ENV_Test_accuracy_per_mean_user_and_bot_epoch0": 0.8208264833995713, "ENV_Online Simulation_TotalLoss_epoch1": 9899.150109347931, "ENV_Online Simulation_Right action_epoch1": 0.7824756158042652, "ENV_Online Simulation_Probability to choose the right action_epoch1": 0.6685383078255769, "ENV_Online Simulation_Weighted right action_epoch1": 0.7564497254246147, "ENV_Online Simulation_Weighted probability to choose the right action:_epoch1": 0.6685434448957647, "ENV_Train_TotalLoss_epoch1": 1092.0420114654264, "ENV_Train_Right action_epoch1": 0.7654334791541461, "ENV_Train_Probability to choose the right action_epoch1": 0.6836447548336934, "ENV_Train_Weighted right action_epoch1": 0.7654334791541461, "ENV_Train_Weighted probability to choose the right action:_epoch1": 0.6836447548336934, "ENV_Test_TotalLoss_epoch1": 233.86216531496564, "ENV_Test_Right action_epoch1": 0.774592, "ENV_Test_Probability to choose the right action_epoch1": 0.7148327673605019, "ENV_Test_Weighted right action_epoch1": 0.8217356870047671, "ENV_Test_Weighted probability to choose the right action:_epoch1": 0.7629799411115706, "ENV_Test_proba_accuracy_epoch1": 0.7148327673605022, "ENV_Test_proba_accuracy_strategy_132_epoch1": 0.7647140467895287, "ENV_Test_proba_accuracy_strategy_23_epoch1": 0.713155789713782, "ENV_Test_proba_accuracy_strategy_107_epoch1": 0.8134303548080046, "ENV_Test_proba_accuracy_strategy_43_epoch1": 0.7283824859790311, "ENV_Test_proba_accuracy_strategy_17_epoch1": 0.677915497774508, "ENV_Test_proba_accuracy_strategy_93_epoch1": 0.7182741651188436, "ENV_Test_proba_accuracy_per_mean_strategy_epoch1": 0.7359787233639495, "ENV_Test_proba_accuracy_per_mean_user_epoch1": 0.7272346548082201, "ENV_Test_proba_accuracy_per_mean_user_and_bot_epoch1": 0.7629799411115711, "ENV_Test_accuracy_epoch1": 0.774592, "ENV_Test_accuracy_strategy_132_epoch1": 0.8158640226628895, "ENV_Test_accuracy_strategy_23_epoch1": 0.7778316367749233, "ENV_Test_accuracy_strategy_107_epoch1": 0.8702791461412152, "ENV_Test_accuracy_strategy_43_epoch1": 0.7881679389312977, "ENV_Test_accuracy_strategy_17_epoch1": 0.7382032667876588, "ENV_Test_accuracy_strategy_93_epoch1": 0.7634011090573013, "ENV_Test_accuracy_per_mean_strategy_epoch1": 0.792291186725881, "ENV_Test_accuracy_per_mean_user_epoch1": 0.7878943951179638, "ENV_Test_accuracy_per_mean_user_and_bot_epoch1": 0.8217356870047682, "ENV_Online Simulation_TotalLoss_epoch2": 9515.674387506833, "ENV_Online Simulation_Right action_epoch2": 0.7827782639282099, "ENV_Online Simulation_Probability to choose the right action_epoch2": 0.6731465656538875, "ENV_Online Simulation_Weighted right action_epoch2": 0.7592925832201114, "ENV_Online Simulation_Weighted probability to choose the right action:_epoch2": 0.673120381200571, "ENV_Train_TotalLoss_epoch2": 1084.4694675873593, "ENV_Train_Right action_epoch2": 0.7681588841213713, "ENV_Train_Probability to choose the right action_epoch2": 0.6865863899640351, "ENV_Train_Weighted right action_epoch2": 0.7681588841213713, "ENV_Train_Weighted probability to choose the right action:_epoch2": 0.6865863899640351, "ENV_Test_TotalLoss_epoch2": 232.34043251192338, "ENV_Test_Right action_epoch2": 0.775232, "ENV_Test_Probability to choose the right action_epoch2": 0.7169735775068518, "ENV_Test_Weighted right action_epoch2": 0.8260547347526388, "ENV_Test_Weighted probability to choose the right action:_epoch2": 0.7615622540608505, "ENV_Test_proba_accuracy_epoch2": 0.7169735775068518, "ENV_Test_proba_accuracy_strategy_132_epoch2": 0.763819820695263, "ENV_Test_proba_accuracy_strategy_23_epoch2": 0.7189023863997512,