{"ENV_Online Simulation_TotalLoss": 9512.9202736638, "ENV_Online Simulation_TotalLoss_epoch0": 9146.40212405022, "ENV_Online Simulation_Right action": 0.7887409180560004, "ENV_Online Simulation_Right action_epoch0": 0.7824185460458543, "ENV_Online Simulation_Probability to choose the right action": 0.67360706063509, "ENV_Online Simulation_Probability to choose the right action_epoch0": 0.667640421144799, "ENV_Online Simulation_Weighted right action": 0.7607411772568278, "ENV_Online Simulation_Weighted right action_epoch0": 0.756232885184128, "ENV_Online Simulation_Weighted probability to choose the right action:": 0.6736664152967404, "ENV_Online Simulation_Weighted probability to choose the right action:_epoch0": 0.6676679267418872, "_timestamp": 1718233671.3723185, "_runtime": 2380.8161454200745, "_step": 5, "ENV_Train_TotalLoss": 1085.4024565355733, "ENV_Train_TotalLoss_epoch0": 1115.6005762245554, "ENV_Train_Right action": 0.7659910539558289, "ENV_Train_Right action_epoch0": 0.7596868884540118, "ENV_Train_Probability to choose the right action": 0.6864727141890222, "ENV_Train_Probability to choose the right action_epoch0": 0.6768389197816521, "ENV_Train_Weighted right action": 0.7659910539558289, "ENV_Train_Weighted right action_epoch0": 0.7596868884540118, "ENV_Train_Weighted probability to choose the right action:": 0.6864727141890222, "ENV_Train_Weighted probability to choose the right action:_epoch0": 0.6768389197816521, "ENV_Test_TotalLoss": 235.06566105740652, "ENV_Test_TotalLoss_epoch0": 236.8911211090165, "ENV_Test_Right action": 0.778368, "ENV_Test_Right action_epoch0": 0.762432, "ENV_Test_Probability to choose the right action": 0.7135188549779685, "ENV_Test_Probability to choose the right action_epoch0": 0.7007835383213932, "ENV_Test_Weighted right action": 0.8252408406338321, "ENV_Test_Weighted right action_epoch0": 0.8182254303274058, "ENV_Test_Weighted probability to choose the right action:": 0.7617015930187072, "ENV_Test_Weighted probability to choose the right action:_epoch0": 0.7498085986246649, "ENV_Test_proba_accuracy": 0.7135188549779682, "ENV_Test_proba_accuracy_epoch0": 0.700783538321393, "ENV_Test_proba_accuracy_strategy_132": 0.7651035640989766, "ENV_Test_proba_accuracy_strategy_132_epoch0": 0.754334564874123, "ENV_Test_proba_accuracy_strategy_23": 0.7118809778789962, "ENV_Test_proba_accuracy_strategy_23_epoch0": 0.6976963347523638, "ENV_Test_proba_accuracy_strategy_107": 0.810111775576921, "ENV_Test_proba_accuracy_strategy_107_epoch0": 0.7966373654759571, "ENV_Test_proba_accuracy_strategy_43": 0.7257384060642971, "ENV_Test_proba_accuracy_strategy_43_epoch0": 0.7151473805706294, "ENV_Test_proba_accuracy_strategy_17": 0.6773465856387926, "ENV_Test_proba_accuracy_strategy_17_epoch0": 0.6646174853828198, "ENV_Test_proba_accuracy_strategy_93": 0.7139836886762788, "ENV_Test_proba_accuracy_strategy_93_epoch0": 0.703606238527912, "ENV_Test_proba_accuracy_per_mean_strategy": 0.7340274996557103, "ENV_Test_proba_accuracy_per_mean_strategy_epoch0": 0.7220065615973009, "ENV_Test_proba_accuracy_per_mean_user": 0.7260923447354264, "ENV_Test_proba_accuracy_per_mean_user_epoch0": 0.7141341481907613, "ENV_Test_proba_accuracy_per_mean_user_and_bot": 0.7617015930187071, "ENV_Test_proba_accuracy_per_mean_user_and_bot_epoch0": 0.7498085986246652, "ENV_Test_accuracy": 0.778368, "ENV_Test_accuracy_epoch0": 0.762432, "ENV_Test_accuracy_strategy_132": 0.8203966005665723, "ENV_Test_accuracy_strategy_132_epoch0": 0.8192634560906515, "ENV_Test_accuracy_strategy_23": 0.7820326385522701, "ENV_Test_accuracy_strategy_23_epoch0": 0.763128130554209, "ENV_Test_accuracy_strategy_107": 0.8735632183908046, "ENV_Test_accuracy_strategy_107_epoch0": 0.8653530377668309, "ENV_Test_accuracy_strategy_43": 0.7856234096692112, "ENV_Test_accuracy_strategy_43_epoch0": 0.7818066157760815, "ENV_Test_accuracy_strategy_17": 0.7416061705989111, "ENV_Test_accuracy_strategy_17_epoch0": 0.7157441016333939, "ENV_Test_accuracy_strategy_93": 0.7744916820702403, "ENV_Test_accuracy_strategy_93_epoch0": 0.7698706099815157, "ENV_Test_accuracy_per_mean_strategy": 0.7962856199746683, "ENV_Test_accuracy_per_mean_strategy_epoch0": 0.7858609919671138, "ENV_Test_accuracy_per_mean_user": 0.7907741975952299, "ENV_Test_accuracy_per_mean_user_epoch0": 0.7775708079074359, "ENV_Test_accuracy_per_mean_user_and_bot": 0.8252408406338321, "ENV_Test_accuracy_per_mean_user_and_bot_epoch0": 0.8182254303274065, "ENV_Online Simulation_TotalLoss_epoch1": 9512.9202736638, "ENV_Online Simulation_Right action_epoch1": 0.7887409180560004, "ENV_Online Simulation_Probability to choose the right action_epoch1": 0.67360706063509, "ENV_Online Simulation_Weighted right action_epoch1": 0.7607411772568278, "ENV_Online Simulation_Weighted probability to choose the right action:_epoch1": 0.6736664152967404, "ENV_Train_TotalLoss_epoch1": 1085.4024565355733, "ENV_Train_Right action_epoch1": 0.7659910539558289, "ENV_Train_Probability to choose the right action_epoch1": 0.6864727141890222, "ENV_Train_Weighted right action_epoch1": 0.7659910539558289, "ENV_Train_Weighted probability to choose the right action:_epoch1": 0.6864727141890222, "ENV_Test_TotalLoss_epoch1": 235.06566105740652, "ENV_Test_Right action_epoch1": 0.778368, "ENV_Test_Probability to choose the right action_epoch1": 0.7135188549779685, "ENV_Test_Weighted right action_epoch1": 0.8252408406338321, "ENV_Test_Weighted probability to choose the right action:_epoch1": 0.7617015930187072, "ENV_Test_proba_accuracy_epoch1": 0.7135188549779682, "ENV_Test_proba_accuracy_strategy_132_epoch1": 0.7651035640989766, "ENV_Test_proba_accuracy_strategy_23_epoch1": 0.7118809778789962, "ENV_Test_proba_accuracy_strategy_107_epoch1": 0.810111775576921, "ENV_Test_proba_accuracy_strategy_43_epoch1": 0.7257384060642971, "ENV_Test_proba_accuracy_strategy_17_epoch1": 0.6773465856387926, "ENV_Test_proba_accuracy_strategy_93_epoch1": 0.7139836886762788, "ENV_Test_proba_accuracy_per_mean_strategy_epoch1": 0.7340274996557103, "ENV_Test_proba_accuracy_per_mean_user_epoch1": 0.7260923447354264, "ENV_Test_proba_accuracy_per_mean_user_and_bot_epoch1": 0.7617015930187071, "ENV_Test_accuracy_epoch1": 0.778368, "ENV_Test_accuracy_strategy_132_epoch1": 0.8203966005665723, "ENV_Test_accuracy_strategy_23_epoch1": 0.7820326385522701, "ENV_Test_accuracy_strategy_107_epoch1": 0.8735632183908046, "ENV_Test_accuracy_strategy_43_epoch1": 0.7856234096692112, "ENV_Test_accuracy_strategy_17_epoch1": 0.7416061705989111, "ENV_Test_accuracy_strategy_93_epoch1": 0.7744916820702403, "ENV_Test_accuracy_per_mean_strategy_epoch1": 0.7962856199746683, "ENV_Test_accuracy_per_mean_user_epoch1": 0.7907741975952299, "ENV_Test_accuracy_per_mean_user_and_bot_epoch1": 0.8252408406338321}