{"ENV_Online Simulation_TotalLoss": 6108.471668693612, "ENV_Online Simulation_TotalLoss_epoch0": 7136.4783432378335, "ENV_Online Simulation_Right action": 0.8060227564376764, "ENV_Online Simulation_Right action_epoch0": 0.7777285324652472, "ENV_Online Simulation_Probability to choose the right action": 0.6905770426358984, "ENV_Online Simulation_Probability to choose the right action_epoch0": 0.6629127166303225, "ENV_Online Simulation_Weighted right action": 0.7762676799324044, "ENV_Online Simulation_Weighted right action_epoch0": 0.7519585652849193, "ENV_Online Simulation_Weighted probability to choose the right action:": 0.6906761201092063, "ENV_Online Simulation_Weighted probability to choose the right action:_epoch0": 0.6629621125203775, "_timestamp": 1718234852.9268723, "_runtime": 3561.890533208847, "_step": 9, "ENV_Train_TotalLoss": 1077.9073271846114, "ENV_Train_TotalLoss_epoch0": 1109.9659890358319, "ENV_Train_Right action": 0.7723682923079074, "ENV_Train_Right action_epoch0": 0.7622015989265948, "ENV_Train_Probability to choose the right action": 0.6894894830125525, "ENV_Train_Probability to choose the right action_epoch0": 0.6787104906457307, "ENV_Train_Weighted right action": 0.7723682923079074, "ENV_Train_Weighted right action_epoch0": 0.7622015989265948, "ENV_Train_Weighted probability to choose the right action:": 0.6894894830125525, "ENV_Train_Weighted probability to choose the right action:_epoch0": 0.6787104906457307, "ENV_Test_TotalLoss": 232.11466094085938, "ENV_Test_TotalLoss_epoch0": 233.5486755907375, "ENV_Test_Right action": 0.776768, "ENV_Test_Right action_epoch0": 0.769024, "ENV_Test_Probability to choose the right action": 0.7097474174085229, "ENV_Test_Probability to choose the right action_epoch0": 0.6948642291383725, "ENV_Test_Weighted right action": 0.8262162120173081, "ENV_Test_Weighted right action_epoch0": 0.8215770431850644, "ENV_Test_Weighted probability to choose the right action:": 0.7525005642821975, "ENV_Test_Weighted probability to choose the right action:_epoch0": 0.7409279525061199, "ENV_Test_proba_accuracy": 0.7097474174085237, "ENV_Test_proba_accuracy_epoch0": 0.6948642291383723, "ENV_Test_proba_accuracy_strategy_132": 0.7545647019744022, "ENV_Test_proba_accuracy_strategy_132_epoch0": 0.7439586301065175, "ENV_Test_proba_accuracy_strategy_23": 0.7103273123124049, "ENV_Test_proba_accuracy_strategy_23_epoch0": 0.6914081993486222, "ENV_Test_proba_accuracy_strategy_107": 0.8017877720173091, "ENV_Test_proba_accuracy_strategy_107_epoch0": 0.7934841093785949, "ENV_Test_proba_accuracy_strategy_43": 0.7201591526391179, "ENV_Test_proba_accuracy_strategy_43_epoch0": 0.7099794237432276, "ENV_Test_proba_accuracy_strategy_17": 0.6734515994281676, "ENV_Test_proba_accuracy_strategy_17_epoch0": 0.660206604065694, "ENV_Test_proba_accuracy_strategy_93": 0.7142581984614504, "ENV_Test_proba_accuracy_strategy_93_epoch0": 0.6982727032559572, "ENV_Test_proba_accuracy_per_mean_strategy": 0.7290914561388088, "ENV_Test_proba_accuracy_per_mean_strategy_epoch0": 0.7162182783164356, "ENV_Test_proba_accuracy_per_mean_user": 0.7192572551280852, "ENV_Test_proba_accuracy_per_mean_user_epoch0": 0.7074329116836044, "ENV_Test_proba_accuracy_per_mean_user_and_bot": 0.7525005642821977, "ENV_Test_proba_accuracy_per_mean_user_and_bot_epoch0": 0.7409279525061198, "ENV_Test_accuracy": 0.776768, "ENV_Test_accuracy_epoch0": 0.769024, "ENV_Test_accuracy_strategy_132": 0.8090651558073655, "ENV_Test_accuracy_strategy_132_epoch0": 0.8118980169971671, "ENV_Test_accuracy_strategy_23": 0.7849410243981257, "ENV_Test_accuracy_strategy_23_epoch0": 0.772338019066085, "ENV_Test_accuracy_strategy_107": 0.8735632183908046, "ENV_Test_accuracy_strategy_107_epoch0": 0.8686371100164204, "ENV_Test_accuracy_strategy_43": 0.7881679389312977, "ENV_Test_accuracy_strategy_43_epoch0": 0.7913486005089059, "ENV_Test_accuracy_strategy_17": 0.7336660617059891, "ENV_Test_accuracy_strategy_17_epoch0": 0.7264065335753176, "ENV_Test_accuracy_strategy_93": 0.7818853974121996, "ENV_Test_accuracy_strategy_93_epoch0": 0.7652495378927912, "ENV_Test_accuracy_per_mean_strategy": 0.7952147994409637, "ENV_Test_accuracy_per_mean_strategy_epoch0": 0.7893129696761146, "ENV_Test_accuracy_per_mean_user": 0.7877406910714633, "ENV_Test_accuracy_per_mean_user_epoch0": 0.781931834624924, "ENV_Test_accuracy_per_mean_user_and_bot": 0.8262162120173097, "ENV_Test_accuracy_per_mean_user_and_bot_epoch0": 0.8215770431850647, "ENV_Online Simulation_TotalLoss_epoch1": 6785.027053001488, "ENV_Online Simulation_Right action_epoch1": 0.7946765483166724, "ENV_Online Simulation_Probability to choose the right action_epoch1": 0.6782388690247628, "ENV_Online Simulation_Weighted right action_epoch1": 0.7642976997002487, "ENV_Online Simulation_Weighted probability to choose the right action:_epoch1": 0.6782905210770653, "ENV_Train_TotalLoss_epoch1": 1079.6257772895767, "ENV_Train_Right action_epoch1": 0.7695253536087662, "ENV_Train_Probability to choose the right action_epoch1": 0.688063003930764, "ENV_Train_Weighted right action_epoch1": 0.7695253536087662, "ENV_Train_Weighted probability to choose the right action:_epoch1": 0.688063003930764, "ENV_Test_TotalLoss_epoch1": 231.19035703212518, "ENV_Test_Right action_epoch1": 0.778752, "ENV_Test_Probability to choose the right action_epoch1": 0.7050509087190749, "ENV_Test_Weighted right action_epoch1": 0.8240522668213676, "ENV_Test_Weighted probability to choose the right action:_epoch1": 0.7510703705106732, "ENV_Test_proba_accuracy_epoch1": 0.7050509087190747, "ENV_Test_proba_accuracy_strategy_132_epoch1": 0.7539512405614562, "ENV_Test_proba_accuracy_strategy_23_epoch1": 0.7021494400175621, "ENV_Test_proba_accuracy_strategy_107_epoch1": 0.8065645984102582, "ENV_Test_proba_accuracy_strategy_43_epoch1": 0.7165242872146488, "ENV_Test_proba_accuracy_strategy_17_epoch1": 0.6702987060477047, "ENV_Test_proba_accuracy_strategy_93_epoch1": 0.7096514867692439, "ENV_Test_proba_accuracy_per_mean_strategy_epoch1": 0.7265232931701456, "ENV_Test_proba_accuracy_per_mean_user_epoch1": 0.7167643667593652, "ENV_Test_proba_accuracy_per_mean_user_and_bot_epoch1": 0.7510703705106732, "ENV_Test_accuracy_epoch1": 0.778752, "ENV_Test_accuracy_strategy_132_epoch1": 0.8135977337110482, "ENV_Test_accuracy_strategy_23_epoch1": 0.7797705606721603, "ENV_Test_accuracy_strategy_107_epoch1": 0.8817733990147784, "ENV_Test_accuracy_strategy_43_epoch1": 0.787531806615776, "ENV_Test_accuracy_strategy_17_epoch1": 0.7475045372050817, "ENV_Test_accuracy_strategy_93_epoch1": 0.7726432532347505, "ENV_Test_accuracy_per_mean_strategy_epoch1": 0.7971368817422659, "ENV_Test_accuracy_per_mean_user_epoch1": 0.7897231572344388, "ENV_Test_accuracy_per_mean_user_and_bot_epoch1": 0.8240522668213692, "ENV_Online Simulation_TotalLoss_epoch2": 7376.9858902973165, "ENV_Online Simulation_Right action_epoch2": 0.7899843626967139, "ENV_Online Simulation_Probability to choose the right action_epoch2": 0.6781826236140261, "ENV_Online Simulation_Weighted right action_epoch2": 0.7643167175779144, "ENV_Online Simulation_Weighted probability to choose the right action:_epoch2": 0.6782152617911156, "ENV_Train_TotalLoss_epoch2": 1077.9073271846114, "ENV_Train_Right action_epoch2": 0.7723682923079074, "ENV_Train_Probability to choose the right action_epoch2": 0.6894894830125525, "ENV_Train_Weighted right action_epoch2": 0.7723682923079074, "ENV_Train_Weighted probability to choose the right action:_epoch2": 0.6894894830125525, "ENV_Test_TotalLoss_epoch2": 232.11466094085938, "ENV_Test_Right action_epoch2": 0.776768, "ENV_Test_Probability to choose the right action_epoch2": 0.7097474174085229, "ENV_Test_Weighted right action_epoch2": 0.8262162120173081, "ENV_Test_Weighted probability to choose the right action:_epoch2": 0.7525005642821975, "ENV_Test_proba_accuracy_epoch2": 0.7097474174085237, "ENV_Test_proba_accuracy_strategy_132_epoch2": 0.7545647019744022, "ENV_Test_proba_accuracy_strategy_23_epoch2": 0.7103273123124049,